category,orders,revenue,avg_item_value
Nest,148,23694.88,160.10054054054055
Bags,303,20701.920000000002,68.32316831683168
Lifestyle,292,15687.85,53.72551369863014
Apparel,305,10748.87,35.24219672131148
Electronics Accessories,317,6775.57,21.37403785488959
Headgear,267,6058.35,22.690449438202247
Drinkware,229,4211.1,18.389082969432316
Office,207,2905.49,14.036183574879226
