channel,sessions,orders,revenue,conversion_rate,revenue_per_session
Affiliates,4450,33,2764.04,0.007415730337078652,0.6211325842696629
Direct,30089,520,46438.299993,0.017282063212469674,1.5433646845358768
Display,4469,16,1227.72,0.0035802192884314163,0.2747191765495637
Organic Search,62750,840,75325.099991,0.013386454183266932,1.2003999998565735
Paid Search,15244,188,14573.449997,0.012332721070585148,0.9560122013251116
Referral,19465,400,38896.419998,0.020549704597996404,1.9982748521962495
Social,13533,71,5361.38,0.005246434641247321,0.396170841646346
