device,sessions,product_view,cart,checkout,purchase,revenue
desktop,109475,53500,5958,3750,1887,168633.069981
mobile,34725,15287,1102,406,116,10368.969998
tablet,5800,2669,282,150,65,5584.37
